{"camera_matrix": [[1747.7580988512734, 0.0, 992.2539844159371], [0.0, 1724.4021624960556, 610.8393530239717], [0.0, 0.0, 1.0]], "dist_coeffs": [[-0.0588630056158281, 2.4232007312608634, -0.0014871828300474113, 1.9130526521369833e-05, -14.113205903672828]], "err": 0.4075907241822478}