{"m": [[1.2110802126445464, -0.051903379019313675, -596.3705148376365], [0.043897694829112405, 1.16767865268436, -337.3976744186499], [0.00015827929518562618, -7.499592967418232e-05, 1.0]], "max_width": 958, "max_height": 576}